{
  "date": "2022-12-25T14:23:24.750Z",
  "title": "SUPLEMENTOS PARA GANHO DE MASSA MUSCULAR",
  "body": "<!--StartFragment-->\n\n\n\n![](/img/uploads/only-whey-pote.png \"WHEY DA EURONUTRY SUPLEMENTOS\")\n\n### 1. Whey protein\n\nO Whey protein é um suplemento proteico feito com o soro do leite de vaca, ovelha ou cabra, que ajuda a aumentar a força e o rendimento físico durante os treinos.\n\nAlém disso, o suplemento melhora a recuperação do músculo após os exercícios e aumenta a produção de músculo. Entenda [mais sobre como usar o whey protein para ganhar massa muscular](https://www.tuasaude.com/whey-protein/).\n\nExistem diferentes tipos de Whey protein, de acordo com a concentração de proteína, de carboidratos e gordura:\n\n* **Whey protein concentrado:** tem até 89% de proteína, maior quantidade de calorias, carboidratos e gordura;\n* **Whey protein isolado:** tem o mínimo de 90% de proteína, menor quantidade de calorias, carboidratos e gorduras que o Whey protein concentrado;\n* **Whey protein hidrolisado:** tem o mínimo de  90% de proteína, com baixas quantidades de calorias, carboidratos e gorduras, e tem melhor digestão que as anteriores, pois as proteínas já estão digeridas, ou seja, divididas em aminoácidos.\n\n**Como usar:** a quantidade de Whey protein varia de acordo com as necessidades nutricionais e o consumo diário de proteínas. No entanto, no geral se recomenda diluir de 20 a 30 g do suplemento em água, suco ou adicionar a frutas 30 minutos antes ou até 30 minutos após os treinos.\n\n<!--StartFragment-->\n\n\n\n![Uma das Melhores creatinas do Mercado](/img/uploads/creatina-150g-powder-2.png \"CREATINA 100% PURA\")\n\n### 2. Creatina\n\nA creatina é um aminoácido que pode ser encontrado nas carnes vermelhas, peixes e nos frutos do mar. No entanto, na forma de suplemento possui maiores concentrações de proteínas, sendo indicado para melhorar o desempenho físico durante a atividade física e ajudar no ganho de massa muscular. Saiba [como a creatina pode ajudar a ganhar massa muscular.](https://www.tuasaude.com/tomar-creatina/)\n\nAlém disso, o consumo de creatina também previne cãibras e lesões durante os exercícios e melhora a recuperação dos músculos no pós treino.\n\nExistem alguns tipos de creatina, sendo que a forma mais recomendada é a monoidratada, por ser melhor absorvida e fornecer melhores resultados.\n\n**Como usar:** a suplementação com a creatina pode ser feita de várias formas de acordo com o objetivo e as necessidades individuais, sendo normalmente indicada a ingestão de 0,3g/kg de peso corporal por 7 dias e, após esse período, é recomendado o consumo de 3 a 5 g de creatina por dia.\n\n<!--EndFragment-->\n\n<!--EndFragment-->",
  "description": "O Whey protein é um suplemento proteico feito com o soro do leite de vaca, ovelha ou cabra, que ajuda a aumentar a força e o rendimento físico durante os treinos.",
  "thumbnail": "/img/uploads/whey-protein.jpg",
  "meta_title": "Os Principais Suplementos para Ganho de Massa Muscular",
  "meta_description": "Conheça os principais suplementos para ganho",
  "sections": [
    {
      "type": "collection-shelf",
      "shuffle": true,
      "limit": 12,
      "page": 1,
      "collection_id": "622be9248bd0103c54ef90be:categories:GANHO DE MASSA MUSCULAR:/ganho-de-massa-muscular",
      "sort": "offers",
      "title": "MELHORES WHEY PARA GANHO DE MASSA"
    }
  ]
}