{
  "title": "Dúvidas frequentes",
  "meta_title": "Dúvidas frequentes",
  "meta_description": "Dúvidas frequentes",
  "body": "### 1º EU NÃO FAÇO ACADEMIA EU POSSO TOMAR WHEY PROTEIN?\n\nS﻿im! Whey protein é uma proteína em pó que você pode usar até para sua dieta de emagrecimento.\n\n### 2º POSSO USAR CREATINA MESMO NÃO TREINANDO?\n\nS﻿im! Creatina é o único suplemento que você precisa usar crônico pois o mesmo não se acha em alimentação com dosagem suficiente para nosso corpo.\n\n### 3º WHEY ENGORDA?\n\nN﻿ão! pois o mesmo é inserido em dietas tanto para emagrecimento como para Ganho de massa muscular, dependi só do seu objetivo. Afinal é uma ótima opção para lanches proteicos para sacear fome ajudando no emagrecimento.\n\n### 4º EU FAÇO ATIVIDADE FÍSICA EM CASA, É BOM TOMAR SUPLEMENTOS PARA MELHORAR MEU DESEMPENHO?\n\nS﻿im! Só vai depender do seu objetivo e sua alimentação, se você está conseguindo todos os micros e macros nutrientes para o seu corpo não é necessário suplementar, mais se acha que não está conseguindo repor as energias suficiente é ideal suplementar por ser mais fácil e rápido.\n\n### 5º EU POSSO TOMAR WHEY PARA SUBSTITUIR ALIMENTAÇÃO?\n\nN﻿ão! pois suplementação é apenas um complemento. Não pode substituir alimentação por suplementação.",
  "sections": [
    {
      "type": "blog",
      "enabled": true
    }
  ]
}