{
  "sections": [
    {
      "type": "breadcrumbs",
      "enabled": true
    },
    {
      "type": "page-title",
      "title": "WM SUPLEMENTOS SPORTS",
      "description": "Você tem a meta, nós temos a solução."
    },
    {
      "type": "document-banner",
      "enabled": true
    },
    {
      "type": "collection-retail",
      "enabled": true,
      "sort": "lowest_price"
    },
    {
      "type": "document-description",
      "enabled": true
    },
    {
      "type": "blog",
      "enabled": true
    }
  ]
}