{
  "categories_list": {
    "featured": [
      "/pre-treino?ENERGIA E PRÉ TREINO"
    ],
    "random": 7,
    "full_width": true
  },
  "menu_all_departments": true,
  "marketing_stripe": {
    "text": "Frete Grátis todo Site nas compras a cima de R$ 160,00",
    "link": "https://wmsuplementos.com.br/",
    "background": "#e40b0b",
    "color": "#ffffff"
  },
  "alphabetical_order_submenu": false,
  "popup": "/img/uploads/alerta.jpg",
  "name_all_departments": "CATEGORIAS",
  "search_input": true,
  "desktop_megamenu": true,
  "full_width_submenu": false,
  "contacts_stripe": {
    "pages": [
      {
        "title": "Sobre nós",
        "link": "/pages/sobre-nos"
      },
      {
        "title": "BLOG DA WM",
        "link": "https://wmsuplementos.com.br/blog"
      }
    ],
    "phone_wpp": true,
    "socials": true
  }
}