{
  "meta_title": "WM SUPLEMENTOS SPORTS",
  "meta_description": "Você tem a meta nós temos a solução.",
  "sections": [
    {
      "type": "info-bar",
      "enabled": true
    },
    {
      "type": "responsive-banner",
      "link": "https://wmsuplementos.com.br/natal-antecipado-wm",
      "img": "/img/uploads/alerta.jpg",
      "mobile_img": "/img/uploads/alerta.jpg"
    },
    {
      "autoplay": 2000,
      "page": 1,
      "title": "COMBOS MAROMBAS",
      "shuffle": false,
      "type": "collection-shelf",
      "link": "https://wmsuplementos.com.br/combos",
      "limit": 12,
      "collection_id": "6692d687f4e6d85ab2d04dec:collections:COMBOS MAROMBAS:/combos",
      "sort": "offers"
    },
    {
      "autoplay": 3000,
      "page": 1,
      "title": "MÊS DAS FÉRIAS",
      "shuffle": true,
      "headless": false,
      "type": "collection-shelf",
      "link": "https://wmsuplementos.com.br/especial-final-de-ano",
      "limit": 24,
      "collection_id": "655113792cd6b65959a3b7cb:collections:NATAL ANTECIPADO WM:/natal-antecipado-wm",
      "sort": "offers"
    },
    {
      "autoplay": 3000,
      "page": 1,
      "title": "DOCES FIT - ZERO AÇUCAR ",
      "shuffle": false,
      "type": "collection-shelf",
      "link": "https://wmsuplementos.com.br/doces-fit---zero-acucar",
      "limit": 24,
      "collection_id": "66842ffaf4e6d85ab2c1e107:collections:DOCES FIT - ZERO AÇUCAR:/doces-fit---zero-acucar",
      "sort": "offers"
    },
    {
      "autoplay": 4000,
      "page": 1,
      "title": "ENERGIA E FORÇA!",
      "shuffle": true,
      "headless": false,
      "type": "collection-shelf",
      "limit": 24,
      "collection_id": "6306e73c73321213f856a3f6:collections:CREATINAS PARA FORÇAS E GANHO:/creatinas",
      "sort": "offers"
    },
    {
      "type": "offers-timer",
      "max_hours": 1,
      "start": "2023-02-03T18:44:38.771Z",
      "end": "2024-07-02T17:11:44.521Z",
      "offers": [
        "6684054cf4e6d85ab2c18cca",
        "667483d6f4e6d85ab2b32d2f",
        "6580e7042cd6b65959e2615b",
        "6681d638f4e6d85ab2bf47c3"
      ],
      "notes": "Oferta especial pra você que gosta de um desconto, aproveite pois vai inspirar assim que você fechar essa pagina."
    },
    {
      "type": "collection-shelf",
      "shuffle": true,
      "limit": 24,
      "page": 1,
      "collection_id": "63ada1144834634f7322ee5a:collections:ESPECIAL FINAL DE ANO:/especial-final-de-ano",
      "sort": "offers",
      "title": "OS MAIS VENDIDOS",
      "autoplay": 2000
    },
    {
      "autoplay": 3000,
      "page": 1,
      "title": "MODA MASCULINA",
      "shuffle": true,
      "type": "collection-shelf",
      "link": "https://wmsuplementos.com.br/masculina",
      "limit": 24,
      "collection_id": "668407f9f4e6d85ab2c194e7:collections:MODA MASCULINA:/moda-masculina",
      "sort": "offers"
    },
    {
      "type": "collection-shelf",
      "shuffle": true,
      "limit": 20,
      "page": 1,
      "collection_id": "6306a85f73321213f85647f7:collections:TÊNIS CASUAL E ESPORTE:/tenis-casual-e-esporte",
      "sort": "offers",
      "title": "OS MELHORES TÊNIS PARA O SEU JEITO"
    },
    {
      "type": "dynamic-showcase",
      "load_more": true,
      "sort": "offers"
    },
    {
      "type": "page-title",
      "title": "WM SUPLEMENTOS SPORTS",
      "description": "Uma loja completa de tudo que você precisa, do calçado a roupa fitness."
    }
  ]
}