{
  "sections": [
    {
      "type": "breadcrumbs",
      "enabled": true
    },
    {
      "type": "offers-timer",
      "max_hours": 1,
      "start": "2023-12-28T00:10:00.000Z",
      "end": "2023-06-13T00:10:35.839Z",
      "offers": [
        "6484bfe95e6069037033e64d",
        "6484c0755e6069037033e724",
        "6484c26c5e6069037033e971",
        "631ce61e73321213f86f8421"
      ],
      "notes": "Aproveite! pois a qualquer momento essa oferta sai do ar."
    },
    {
      "type": "product-block",
      "enabled": true,
      "size_guide": {
        "image": "",
        "title": ""
      }
    },
    {
      "type": "related-products",
      "title": "Produtos relacionados"
    },
    {
      "type": "recommended-products",
      "title": "Quem comprou este produto, também comprou:"
    },
    {
      "type": "product-description",
      "enabled": true
    },
    {
      "type": "product-specifications",
      "enabled": true
    },
    {
      "type": "blog",
      "enabled": true
    },
    {
      "type": "banners-grid",
      "banners": [
        {
          "img": "/img/uploads/arria.jpg",
          "link": "https://wmsuplementos.com.br/natal-antecipado-wm",
          "mobile_img": "/img/uploads/arria.jpg"
        }
      ]
    },
    {
      "type": "dynamic-showcase",
      "load_more": true,
      "sort": "offers"
    },
    {
      "type": "brands-carousel",
      "limit": 31,
      "offset": 0,
      "sort": "name",
      "autoplay": 2000
    }
  ]
}